{"v":"5.6.7","fr":60,"ip":0,"op":61,"w":393,"h":378,"nm":"合成 1","ddd":0,"assets":[{"id":"image_0","w":393,"h":378,"u":"images/","p":"img_0.png","e":0}],"layers":[{"ddd":0,"ind":1,"ty":2,"nm":"编组 5@3x.png","cl":"png","refId":"image_0","sr":1,"ks":{"o":{"a":0,"k":100,"ix":11},"r":{"a":1,"k":[{"i":{"x":[0.415],"y":[1.01]},"o":{"x":[0.333],"y":[0]},"t":0,"s":[0]},{"i":{"x":[0.667],"y":[1]},"o":{"x":[0.333],"y":[0]},"t":29,"s":[18]},{"t":52,"s":[0]}],"ix":10},"p":{"a":0,"k":[270.5,281,0],"ix":2},"a":{"a":0,"k":[270.5,281,0],"ix":1},"s":{"a":0,"k":[100,100,100],"ix":6}},"ao":0,"ip":0,"op":300,"st":0,"bm":0}],"markers":[]}